"# C05 depth-averaged current, WAMOS absolute rotation exp(-i*14.4deg) applied"
"# along principal axis 113.4/293.4 deg true; +=toward 113, -=toward 293"
start_utc,end_utc,duration_h,peak_along_cm_s,direction
2022-12-05T16:24:00,2022-12-05T18:00:00,1.60,-104.5,WEST
2022-12-07T16:24:00,2022-12-07T19:47:59,3.40,-98.9,WEST
2022-12-08T06:36:00,2022-12-08T07:47:59,1.20,102.8,EAST
2022-12-09T07:12:00,2022-12-09T08:12:00,1.00,87.4,EAST
2022-12-09T17:23:59,2022-12-09T20:23:59,3.00,-107.9,WEST
2022-12-10T06:47:59,2022-12-10T09:24:00,2.60,96.8,EAST
2022-12-10T16:12:00,2022-12-10T21:00:00,4.80,-131.2,WEST
2022-12-11T05:48:00,2022-12-11T08:12:00,2.40,109.8,EAST
2022-12-11T17:00:00,2022-12-11T21:11:59,4.20,-112.9,WEST
2022-12-12T05:35:59,2022-12-12T07:47:59,2.20,129.9,EAST
2022-12-12T17:23:59,2022-12-12T22:24:00,5.00,-110.5,WEST
2022-12-13T06:59:59,2022-12-13T08:12:00,1.20,105.1,EAST
2022-12-13T19:24:00,2022-12-13T21:59:59,2.60,-98.6,WEST
2022-12-14T17:35:59,2022-12-14T23:35:59,6.00,-116.1,WEST
2022-12-15T21:24:00,2022-12-16T00:47:59,3.40,-97.0,WEST
2022-12-20T23:00:00,2022-12-21T00:00:00,1.00,94.9,EAST
2022-12-21T16:24:00,2022-12-21T18:36:00,2.20,-113.8,WEST
2022-12-22T07:12:00,2022-12-22T10:47:59,3.60,101.9,EAST
2022-12-22T16:35:59,2022-12-22T19:35:59,3.00,-114.3,WEST
2022-12-23T07:47:59,2022-12-23T12:36:00,4.80,107.2,EAST
2022-12-23T18:24:00,2022-12-23T21:24:00,3.00,-127.6,WEST
2022-12-24T09:36:00,2022-12-24T14:12:00,4.60,129.7,EAST
2022-12-24T18:59:59,2022-12-24T22:24:00,3.40,-150.5,WEST
2022-12-25T14:48:00,2022-12-25T16:24:00,1.60,99.7,EAST
2022-12-26T01:47:59,2022-12-26T06:11:59,4.40,130.9,EAST
2022-12-26T19:24:00,2022-12-26T22:47:59,3.40,-102.6,WEST
2022-12-27T11:48:00,2022-12-27T17:48:00,6.00,112.9,EAST
2022-12-28T05:23:59,2022-12-28T06:59:59,1.60,116.5,EAST
2022-12-29T11:48:00,2022-12-29T14:00:00,2.20,-93.4,WEST
2022-12-30T05:48:00,2022-12-30T06:59:59,1.20,108.1,EAST
2022-12-30T23:00:00,2022-12-31T00:00:00,1.00,100.5,EAST
2022-12-31T05:00:00,2022-12-31T08:48:00,3.80,112.0,EAST
2023-01-01T14:23:59,2023-01-01T18:00:00,3.60,-124.6,WEST
2023-01-03T06:59:59,2023-01-03T08:23:59,1.40,156.5,EAST
2023-01-03T09:00:00,2023-01-03T10:35:59,1.60,108.4,EAST
2023-01-05T03:11:59,2023-01-05T05:23:59,2.20,117.4,EAST
2023-01-05T09:11:59,2023-01-05T13:12:00,4.00,145.8,EAST
2023-01-05T18:11:59,2023-01-06T00:00:00,5.80,-143.0,WEST
2023-01-06T09:00:00,2023-01-06T12:36:00,3.60,146.2,EAST
2023-01-06T18:00:00,2023-01-07T01:47:59,7.80,-145.1,WEST
2023-01-08T12:36:00,2023-01-08T15:11:59,2.60,104.1,EAST
2023-01-08T15:36:00,2023-01-08T17:00:00,1.40,88.8,EAST
2023-01-09T04:12:00,2023-01-09T05:35:59,1.40,112.3,EAST
2023-01-09T06:00:00,2023-01-09T07:35:59,1.60,118.8,EAST
2023-01-09T16:47:59,2023-01-10T04:24:00,11.60,-133.7,WEST
2023-01-10T15:00:00,2023-01-10T16:35:59,1.60,97.7,EAST
2023-01-10T22:12:00,2023-01-11T17:48:00,19.60,167.8,EAST
2023-01-12T12:59:59,2023-01-12T22:35:59,9.60,-124.1,WEST
2023-01-13T01:35:59,2023-01-13T09:59:59,8.40,-128.8,WEST
2023-01-15T05:35:59,2023-01-15T09:24:00,3.80,95.0,EAST
2023-01-20T15:11:59,2023-01-20T23:12:00,8.00,-115.4,WEST
2023-01-23T13:47:59,2023-01-23T15:59:59,2.20,100.7,EAST
2023-01-29T14:23:59,2023-01-29T15:47:59,1.40,-90.1,WEST
2023-01-29T17:23:59,2023-01-29T19:24:00,2.00,-95.2,WEST
2023-01-31T15:36:00,2023-01-31T23:23:59,7.80,-152.5,WEST
2023-02-01T04:24:00,2023-02-01T08:12:00,3.80,-113.7,WEST
2023-02-01T16:12:00,2023-02-01T18:00:00,1.80,-99.2,WEST
2023-02-01T18:36:00,2023-02-01T21:24:00,2.80,-120.1,WEST
2023-02-02T05:23:59,2023-02-02T08:35:59,3.20,-118.7,WEST
2023-02-02T14:23:59,2023-02-02T23:23:59,9.00,-133.4,WEST
2023-02-03T09:47:59,2023-02-03T10:47:59,1.00,101.1,EAST
2023-02-03T12:00:00,2023-02-03T13:47:59,1.80,117.6,EAST
2023-02-03T20:12:00,2023-02-03T21:59:59,1.80,-101.2,WEST
2023-02-04T17:48:00,2023-02-05T03:00:00,9.20,-111.7,WEST
2023-02-06T17:48:00,2023-02-06T22:12:00,4.40,-129.7,WEST
2023-02-07T01:35:59,2023-02-07T02:35:59,1.00,-84.3,WEST
2023-02-12T17:00:00,2023-02-12T23:23:59,6.40,-117.6,WEST
2023-02-14T21:11:59,2023-02-14T23:00:00,1.80,-99.9,WEST
2023-02-15T15:00:00,2023-02-15T18:00:00,3.00,-92.7,WEST
2023-02-16T13:24:00,2023-02-17T00:59:59,11.60,-125.0,WEST
2023-02-18T09:47:59,2023-02-18T12:36:00,2.80,128.2,EAST
2023-02-19T19:47:59,2023-02-19T21:00:00,1.20,-90.4,WEST
2023-02-27T11:00:00,2023-02-27T18:00:00,7.00,-98.5,WEST
2023-02-28T01:35:59,2023-02-28T03:24:00,1.80,-94.4,WEST
2023-03-01T07:24:00,2023-03-01T09:47:59,2.40,128.7,EAST
2023-03-02T04:24:00,2023-03-02T07:12:00,2.80,-103.9,WEST
2023-03-06T04:12:00,2023-03-06T05:48:00,1.60,104.6,EAST
2023-03-06T12:00:00,2023-03-06T13:35:59,1.60,103.2,EAST
2023-03-07T18:36:00,2023-03-07T21:59:59,3.40,-92.7,WEST
2023-03-14T06:24:00,2023-03-14T09:36:00,3.20,108.6,EAST
2023-03-14T18:36:00,2023-03-14T20:12:00,1.60,88.0,EAST
2023-03-15T02:23:59,2023-03-15T09:47:59,7.40,121.0,EAST
2023-03-22T11:35:59,2023-03-22T16:47:59,5.20,122.0,EAST
2023-03-23T12:36:00,2023-03-23T17:23:59,4.80,127.1,EAST
2023-03-26T15:36:00,2023-03-26T21:00:00,5.40,130.6,EAST
2023-03-27T00:24:00,2023-03-27T11:00:00,10.60,145.7,EAST
2023-03-27T14:12:00,2023-03-28T08:23:59,18.20,185.6,EAST
2023-03-28T17:23:59,2023-03-28T18:36:00,1.20,94.2,EAST
2023-03-28T18:59:59,2023-03-28T21:47:59,2.80,96.1,EAST
2023-03-28T22:35:59,2023-03-28T23:48:00,1.20,91.5,EAST
2023-03-29T04:47:59,2023-03-29T08:12:00,3.40,127.1,EAST
2023-03-29T22:35:59,2023-03-30T12:00:00,13.40,149.0,EAST
2023-03-30T18:47:59,2023-03-31T02:35:59,7.80,137.1,EAST
2023-03-31T05:35:59,2023-03-31T12:36:00,7.00,145.7,EAST
2023-04-02T08:00:00,2023-04-02T13:24:00,5.40,133.9,EAST
2023-04-02T23:48:00,2023-04-03T02:23:59,2.60,87.4,EAST
2023-04-03T08:23:59,2023-04-03T14:35:59,6.20,142.5,EAST
2023-04-11T03:00:00,2023-04-11T06:36:00,3.60,107.4,EAST
2023-04-12T02:00:00,2023-04-12T07:12:00,5.20,127.3,EAST
2023-04-13T05:35:59,2023-04-13T07:12:00,1.60,104.5,EAST
2023-04-15T05:12:00,2023-04-15T08:35:59,3.40,108.9,EAST
2023-04-17T06:47:59,2023-04-17T11:12:00,4.40,134.0,EAST
2023-04-17T21:47:59,2023-04-17T23:00:00,1.20,97.4,EAST
2023-04-18T21:59:59,2023-04-19T00:36:00,2.60,109.9,EAST
2023-04-20T22:12:00,2023-04-21T01:47:59,3.60,145.3,EAST
2023-04-21T12:24:00,2023-04-21T15:36:00,3.20,147.3,EAST
2023-04-21T23:35:59,2023-04-22T02:35:59,3.00,119.4,EAST
2023-04-23T00:11:59,2023-04-23T03:24:00,3.20,141.4,EAST
2023-04-24T00:59:59,2023-04-24T04:24:00,3.40,155.9,EAST
2023-04-24T15:47:59,2023-04-24T18:11:59,2.40,111.4,EAST
2023-04-25T00:00:00,2023-04-25T05:00:00,5.00,130.9,EAST
2023-04-26T01:35:59,2023-04-26T06:11:59,4.60,158.7,EAST
2023-04-26T17:00:00,2023-04-26T18:00:00,1.00,89.9,EAST
2023-04-27T04:12:00,2023-04-27T06:11:59,2.00,109.3,EAST
2023-04-28T05:12:00,2023-04-28T06:24:00,1.20,110.2,EAST
2023-05-02T18:36:00,2023-05-03T00:24:00,5.80,129.7,EAST
2023-05-03T09:00:00,2023-05-03T12:11:59,3.20,110.0,EAST
2023-05-03T21:00:00,2023-05-03T22:47:59,1.80,104.9,EAST
2023-05-04T12:11:59,2023-05-04T13:24:00,1.20,-90.7,WEST
2023-05-11T06:47:59,2023-05-11T10:24:00,3.60,-95.3,WEST
2023-05-12T07:12:00,2023-05-12T09:47:59,2.60,-93.8,WEST
2023-05-13T21:47:59,2023-05-14T01:35:59,3.80,-91.1,WEST
2023-05-14T18:59:59,2023-05-15T03:36:00,8.60,-111.9,WEST
2023-05-16T21:36:00,2023-05-17T05:35:59,8.00,-143.9,WEST
2023-05-17T19:47:59,2023-05-17T20:48:00,1.00,-83.0,WEST
2023-05-17T21:24:00,2023-05-18T06:24:00,9.00,-158.0,WEST
2023-05-19T01:35:59,2023-05-19T06:59:59,5.40,-152.4,WEST
2023-05-20T02:48:00,2023-05-20T08:48:00,6.00,-139.1,WEST
2023-05-21T03:47:59,2023-05-21T09:59:59,6.20,-113.5,WEST
2023-05-22T04:12:00,2023-05-22T11:12:00,7.00,-114.6,WEST
2023-05-23T07:35:59,2023-05-23T11:23:59,3.80,-105.0,WEST
2023-05-24T01:12:00,2023-05-24T03:59:59,2.80,101.7,EAST
2023-05-24T23:48:00,2023-05-25T04:24:00,4.60,92.9,EAST
2023-05-26T21:24:00,2023-05-27T09:36:00,12.20,147.7,EAST
2023-05-28T04:47:59,2023-05-28T07:35:59,2.80,109.2,EAST
2023-05-28T12:36:00,2023-05-28T15:36:00,3.00,-117.0,WEST
2023-05-28T20:48:00,2023-05-29T06:36:00,9.80,-131.8,WEST
2023-05-29T09:59:59,2023-05-29T21:59:59,12.00,-133.9,WEST
2023-05-30T16:35:59,2023-05-30T17:35:59,1.00,107.5,EAST
2023-05-31T09:36:00,2023-05-31T12:59:59,3.40,115.1,EAST
2023-06-01T03:59:59,2023-06-01T09:11:59,5.20,-119.7,WEST
